{
  "name": "Sulabh Agarwal",
  "contact": {
    "linkedin": "linkedin.com/in/sulabh191",
    "phone": "413-800-1488",
    "email": "sulabh191@gmail.com"
  },
  "experience": [
    {
      "title": "Lead Engineer - iOS",
      "company": "Intuit Inc",
      "location": "Charlotte, NC",
      "date": "May 2022 - Present",
      "highlights": [
        "Led development of the QuickBooks - Checking (Banking) iOS app which currently maintains a 4.7/5 star rating with 10M+ downloads",
        "Implemented algorithm to automatically match customer checks with their invoices, significantly reducing manual processing time",
        "Employed XCTest to rigorously test iOS app functionalities, significantly improving app code coverage by 20%",
        "Mentored and trained junior iOS engineers on best practices for iOS development, including Swift, SwiftUI, MVVM architecture, and best TDD practices",
        "Enhanced the funds transfer flow by implementing the Coordinator pattern, resulting in improved navigation and user experience"
      ]
    },
    {
      "title": "Senior Software Engineer - iOS",
      "company": "LendingTree LLC",
      "location": "Charlotte, NC",
      "date": "Oct 2017 - May 2022",
      "highlights": [
        "Refactored major parts of the app from Objective C to Swift 5.0, improving app performance from 92% crash free sessions to 99.9%",
        "iOS app currently maintains a 4.8/5 star rating with 1M+ downloads in the App Store",
        "Streamlined the personal loan flow experience resulting in an increase in the number of personal loan applications by 15%",
        "Implemented the Plaid SDK to allow users to link their real-time bank accounts, which resulted in a 10% increase in app engagement",
        "Built and optimized multiple form flows (mortgage, insurance, auto loans) resulting in a 30% increase in conversion rates and a 20% reduction in drop-off rates",
        "Implemented the ThreatMatrix SDK, which led to a 20% reduction in fake account signups"
      ]
    },
    {
      "title": "Senior Software Engineer - iOS",
      "company": "Impressico Business Solutions",
      "location": "New Delhi",
      "date": "Feb 2015 - May 2017",
      "highlights": [
        "Led the development of Rivit TV iOS App - a media platform to watch homegrown media content",
        "Implemented RESTful APIs server calls, error handling, and UI development",
        "UI was developed using iOS interface technologies such as storyboards, auto-layout, and UIKit"
      ]
    },
    {
      "title": "Senior Software Engineer - iOS",
      "company": "Reve Systems",
      "location": "New Delhi",
      "date": "May 2014 - Feb 2015",
      "highlights": [
        "Developed a VOIP-based iOS application for to handle roaming for customers traveling internationally",
        "Utilized the PJSIP framework (Session Initiation Protocol) to implement VOIP functionality",
        "Leveraged the Wireshark tool to monitor TCP/UDP packets, ensuring the best quality for customers"
      ]
    },
    {
      "title": "Senior Software Engineer - iOS",
      "company": "Infosys Ltd.",
      "location": "Pune",
      "date": "Feb 2011 - May 2014",
      "highlights": [
        "Developed an e-commerce iOS app (Nordstrom) and implemented features such as - product details, store locator and recommendations",
        "Utilized Objective C & UIKit",
        "Collaborated with various stakeholders to ensure app meets high-quality standards and is user-friendly for customers"
      ]
    }
  ],
  "education": {
    "degree": "Bachelors of Technology",
    "university": "University of Kurukshetra",
    "location": "Haryana, IN",
    "date": "2006 - 2010",
    "field": "Computer Science"
  }
}
